epoch,train_loss,val_loss,val_accuracy
1,1.548447,1.372607,0.611111
2,1.34123,1.261409,0.527778
3,1.203151,1.190311,0.527778
4,1.095881,1.102934,0.583333
5,1.002982,1.048516,0.611111
6,0.896166,0.986055,0.694444
7,0.82585,0.932609,0.722222
8,0.780253,0.895681,0.666667
9,0.725174,0.864508,0.75
10,0.674936,0.841878,0.722222
11,0.666281,0.807798,0.722222
12,0.591115,0.80274,0.75
13,0.591103,0.800673,0.722222
14,0.636565,0.782305,0.722222
15,0.562522,0.790241,0.694444
16,0.621794,0.786306,0.722222
17,0.657949,0.777699,0.722222
18,0.525399,0.770601,0.75
19,0.580291,0.775371,0.722222
20,0.580269,0.772478,0.75
